Date,State,Deaths,ICU Hospitalizations,Positive Viral Cases,Positive Increase,Total Test Results,Test Increase
2021-03-07,NY,59,999.0,0,6789,39695100,227768
2021-03-07,CA,258,1159.0,3501394,3816,49646014,133186
2021-03-06,NY,79,1012.0,0,7647,39467332,273132
2021-03-06,CA,418,1221.0,3497578,4452,49512828,218325
2021-03-05,NY,95,1030.0,0,8956,39194200,296935
2021-03-05,CA,400,1236.0,3493126,4659,49294503,146818
2021-03-04,NY,61,1043.0,0,7593,38897265,270089
2021-03-04,CA,273,1327.0,3488467,3504,49147685,119637
2021-03-03,NY,75,1047.0,0,7704,38627176,218069
2021-03-03,CA,278,1403.0,3484963,3352,49028048,130858
2021-03-02,NY,83,1076.0,0,5800,38409107,128034
2021-03-02,CA,303,1452.0,3481611,2533,48897190,184514
2021-03-01,NY,80,1065.0,0,6235,38281073,174158
2021-03-01,CA,215,1518.0,3479078,3516,48712676,243570
2021-02-28,NY,90,1083.0,0,7580,38106915,273720
2021-02-28,CA,158,1585.0,3475562,4685,48469106,249616
2021-02-27,NY,86,1121.0,0,8141,37833195,285307
2021-02-27,CA,439,1651.0,3470877,5151,48219490,223914
2021-02-26,NY,94,1132.0,0,8204,37547888,291189
2021-02-26,CA,391,1725.0,3465726,5400,47995576,181416
2021-02-25,NY,92,1124.0,0,8746,37256699,278942
2021-02-25,CA,1114,1783.0,3460326,4965,47814160,161988
2021-02-24,NY,104,1154.0,0,6189,36977757,216813
2021-02-24,CA,314,1842.0,3455361,5303,47652172,138805
2021-02-23,NY,90,1176.0,0,6654,36760944,157333
2021-02-23,CA,225,1898.0,3450058,3447,47513367,192565
2021-02-22,NY,90,1148.0,0,6146,36603611,142019
2021-02-22,CA,233,2010.0,3446611,4665,47320802,277454
2021-02-21,NY,75,1162.0,0,6610,36461592,221157
2021-02-21,CA,280,2073.0,3441946,6760,47043348,229472
2021-02-20,NY,101,1162.0,0,7692,36240435,251645
2021-02-20,CA,481,2168.0,3435186,6668,46813876,192222
2021-02-19,NY,119,1199.0,0,8710,35988790,249248
2021-02-19,CA,420,2291.0,3428518,6798,46621654,117399
2021-02-18,NY,116,1258.0,0,6794,35739542,215731
2021-02-18,CA,417,2427.0,3421720,5573,46504255,119323
2021-02-17,NY,112,1273.0,0,6092,35523811,169963
2021-02-17,CA,400,2533.0,3416147,4090,46384932,157207
2021-02-16,NY,107,1271.0,0,6753,35353848,136392
2021-02-16,CA,64,2604.0,3412057,5692,46227725,263598
2021-02-15,NY,103,1270.0,0,6365,35217456,180504
2021-02-15,CA,200,2650.0,3406365,6487,45964127,260910
2021-02-14,NY,109,1285.0,0,8316,35036952,234708
2021-02-14,CA,408,2733.0,3399878,8842,45703217,291580
2021-02-13,NY,127,1328.0,0,8763,34802244,253563
2021-02-13,CA,433,2808.0,3391036,9421,45411637,286196
2021-02-12,NY,139,1358.0,0,8404,34548681,237134
2021-02-12,CA,546,2930.0,3381615,10059,45125441,201460
2021-02-11,NY,124,1402.0,0,10099,34311547,285499
2021-02-11,CA,461,2996.0,3371556,8575,44923981,153380
2021-02-10,NY,138,1423.0,0,7101,34026048,176750
2021-02-10,CA,518,3127.0,3362981,8390,44770601,187297
2021-02-09,NY,142,1412.0,0,7866,33849298,153648
2021-02-09,CA,327,3264.0,3354591,8251,44583304,259754
2021-02-08,NY,115,1454.0,0,8448,33695650,197183
2021-02-08,CA,208,3313.0,3346340,10414,44323550,329228
2021-02-07,NY,145,1459.0,0,10025,33498467,250892
2021-02-07,CA,295,3339.0,3335926,15064,43994322,275167
2021-02-06,NY,159,1481.0,0,11252,33247575,261285
2021-02-06,CA,623,3479.0,3320862,12394,43719155,286051
2021-02-05,NY,153,1516.0,0,8777,32986290,203627
2021-02-05,CA,558,3527.0,3308468,14021,43433104,197777
2021-02-04,NY,136,1506.0,0,7414,32782663,169186
2021-02-04,CA,655,3756.0,3294447,13176,43235327,168094
2021-02-03,NY,165,1522.0,0,5925,32613477,126489
2021-02-03,CA,481,3772.0,3281271,10501,43067233,215342
2021-02-02,NY,147,1503.0,0,8215,32486988,150199
2021-02-02,CA,422,3894.0,3270770,12064,42851891,282698
2021-02-01,NY,141,1500.0,0,8508,32336789,175038
2021-02-01,CA,211,3949.0,3258706,15358,42569193,290175
2021-01-31,NY,142,1534.0,0,10793,32161751,243066
2021-01-31,CA,481,4047.0,3243348,18974,42279018,298562
2021-01-30,NY,143,1551.0,0,12804,31918685,269350
2021-01-30,CA,638,4042.0,3224374,18427,41980456,303051
2021-01-29,NY,151,1543.0,0,12579,31649335,270518
2021-01-29,CA,617,4232.0,3205947,19337,41677405,206771
2021-01-28,NY,163,1584.0,0,13398,31378817,250668
2021-01-28,CA,737,4283.0,3186610,16696,41470634,218152
2021-01-27,NY,172,1558.0,0,11028,31128149,202661
2021-01-27,CA,697,4375.0,3169914,16728,41252482,241712
2021-01-26,NY,165,1544.0,0,11064,30925488,162938
2021-01-26,CA,409,4384.0,3153186,17028,41010770,321862
2021-01-25,NY,173,1522.0,0,12003,30762550,219538
2021-01-25,CA,328,4475.0,3136158,27007,40688908,403193
2021-01-24,NY,162,1527.0,0,12720,30543012,249955
2021-01-24,CA,429,4542.0,3109151,24111,40285715,315596
2021-01-23,NY,144,1562.0,0,13786,30293057,262106
2021-01-23,CA,593,4641.0,3085040,22972,39970119,244280
2021-01-22,NY,169,1546.0,0,15144,30030951,268001
2021-01-22,CA,764,4718.0,3062068,23024,39725839,213083
2021-01-21,NY,179,1560.0,0,13886,29762950,224569
2021-01-21,CA,571,4746.0,3039044,19673,39512756,224393
2021-01-20,NY,191,1621.0,0,13364,29538381,195409
2021-01-20,CA,694,4758.0,3019371,22403,39288363,263820
2021-01-19,NY,172,1614.0,0,12512,29342972,177269
2021-01-19,CA,146,4793.0,2996968,23794,39024543,368787
2021-01-18,NY,155,1523.0,0,12185,29165703,186205
2021-01-18,CA,201,4826.0,2973174,30699,38655756,427141
2021-01-17,NY,172,1550.0,0,13842,28979498,246507
2021-01-17,CA,432,4820.0,2942475,42229,38228615,426360
2021-01-16,NY,159,1580.0,0,15998,28732991,277286
2021-01-16,CA,669,4846.0,2900246,40622,37802255,352719
2021-01-15,NY,187,1570.0,0,19942,28455705,324671
2021-01-15,CA,637,4833.0,2859624,42655,37449536,319170
2021-01-14,NY,204,1536.0,0,13661,28131034,212589
2021-01-14,CA,552,4878.0,2816969,35930,37130366,287715
2021-01-13,NY,168,1501.0,0,14577,27918445,196868
2021-01-13,CA,589,4929.0,2781039,33751,36842651,334267
2021-01-12,NY,166,1492.0,0,15214,27721577,196671
2021-01-12,CA,548,4962.0,2747288,36487,36508384,337856
2021-01-11,NY,169,1426.0,0,13714,27524906,203904
2021-01-11,CA,264,4971.0,2710801,39839,36170528,343704
2021-01-10,NY,153,1436.0,0,15355,27321002,246836
2021-01-10,CA,468,4965.0,2670962,49685,35826824,473076
2021-01-09,NY,190,1428.0,0,16943,27074166,258031
2021-01-09,CA,695,4939.0,2621277,52636,35353748,326418
2021-01-08,NY,165,1475.0,0,18832,26816135,243903
2021-01-08,CA,493,4905.0,2568641,50030,35027330,266975
2021-01-07,NY,199,1424.0,0,17636,26572232,238550
2021-01-07,CA,583,4811.0,2518611,36385,34760355,211734
2021-01-06,NY,163,1408.0,0,16648,26333682,197816
2021-01-06,CA,459,4731.0,2482226,29892,34548621,217837
2021-01-05,NY,154,1392.0,0,12666,26135866,152402
2021-01-05,CA,368,4734.0,2452334,31440,34330784,203771
2021-01-04,NY,172,1357.0,0,11209,25983464,134360
2021-01-04,CA,97,4671.0,2420894,29633,34127013,314227
2021-01-03,NY,139,1344.0,0,11368,25849104,142345
2021-01-03,CA,181,4613.0,2391261,45352,33812786,421344
2021-01-02,NY,129,1321.0,0,15074,25706759,202446
2021-01-02,CA,386,4606.0,2345909,53341,33391442,333131
2021-01-01,NY,168,1292.0,0,16497,25504313,219253
2021-01-01,CA,585,4618.0,2292568,47189,33058311,202829
2020-12-31,NY,135,1276.0,0,16802,25285060,216587
2020-12-31,CA,428,4518.0,2245379,27237,32855482,232406
2020-12-30,NY,149,1250.0,0,13422,25068473,154949
2020-12-30,CA,432,4478.0,2218142,30921,32623076,248605
2020-12-29,NY,127,1224.0,0,11438,24913524,160164
2020-12-29,CA,242,4390.0,2187221,31245,32374471,245955
2020-12-28,NY,118,1222.0,0,10407,24753360,124866
2020-12-28,CA,64,4360.0,2155976,33170,32128516,301820
2020-12-27,NY,115,1187.0,0,7623,24628494,130299
2020-12-27,CA,237,4214.0,2122806,50141,31826696,380154
2020-12-26,NY,126,1129.0,0,10806,24498195,201442
2020-12-26,CA,36,4131.0,2072665,30375,31446542,379681
2020-12-25,NY,121,1148.0,0,12446,24296753,226560
2020-12-25,CA,312,4035.0,2042290,39144,31066861,297112
2020-12-24,NY,133,1160.0,0,12568,24070193,226296
2020-12-24,CA,351,4069.0,2003146,39070,30769749,301189
2020-12-23,NY,166,1166.0,0,11937,23843897,204361
2020-12-23,CA,361,3955.0,1964076,39069,30468560,278378
2020-12-22,NY,141,1126.0,0,9716,23639536,164868
2020-12-22,CA,247,3861.0,1925007,32659,30190182,329778
2020-12-21,NY,111,1095.0,0,9007,23474668,156510
2020-12-21,CA,83,3756.0,1892348,37892,29860404,395234
2020-12-20,NY,124,1045.0,0,9957,23318158,197251
2020-12-20,CA,161,3710.0,1854456,46474,29465170,352921
2020-12-19,NY,130,1088.0,0,9919,23120907,191476
2020-12-19,CA,272,3620.0,1807982,43608,29112249,371222
2020-12-18,NY,122,1068.0,0,12697,22929431,249385
2020-12-18,CA,300,3553.0,1764374,41012,28741027,284669
2020-12-17,NY,122,1095.0,0,10914,22680046,202772
2020-12-17,CA,379,3392.0,1723362,52281,28456358,306768
2020-12-16,NY,98,1098.0,0,9998,22477274,160947
2020-12-16,CA,293,3297.0,1671081,53711,28149590,304524
2020-12-15,NY,132,1065.0,0,10353,22316327,194188
2020-12-15,CA,142,3193.0,1617370,32326,27845066,293027
2020-12-14,NY,85,1040.0,0,9044,22122139,159844
2020-12-14,CA,77,3078.0,1585044,33278,27552039,356452
2020-12-13,NY,110,1009.0,0,10194,21962295,205250
2020-12-13,CA,122,2937.0,1551766,30334,27195587,309457
2020-12-12,NY,88,1029.0,0,11129,21757045,242927
2020-12-12,CA,225,2866.0,1521432,35729,26886130,313787
2020-12-11,NY,89,1007.0,0,10595,21514118,212672
2020-12-11,CA,159,2773.0,1485703,35468,26572343,248011
2020-12-10,NY,94,994.0,0,10178,21301446,197406
2020-12-10,CA,220,2710.0,1450235,29677,26324332,282261
2020-12-09,NY,97,952.0,0,10600,21104040,194595
2020-12-09,CA,196,2627.0,1420558,30851,26042071,252296
2020-12-08,NY,75,906.0,0,9335,20909445,162464
2020-12-08,CA,112,2526.0,1389707,23272,25789775,296424
2020-12-07,NY,83,872.0,0,7302,20746981,152287
2020-12-07,CA,59,2470.0,1366435,24735,25493351,298305
2020-12-06,NY,60,850.0,0,9702,20594694,205832
2020-12-06,CA,85,2393.0,1341700,30075,25195046,293071
2020-12-05,NY,72,825.0,0,10761,20388862,215401
2020-12-05,CA,209,2265.0,1311625,25068,24901975,226497
2020-12-04,NY,62,795.0,0,11271,20173461,208297
2020-12-04,CA,145,2248.0,1286557,22018,24675478,200836
2020-12-03,NY,66,783.0,0,9855,19965164,203440
2020-12-03,CA,113,2147.0,1264539,18591,24474642,175516
2020-12-02,NY,73,742.0,0,8973,19761724,193551
2020-12-02,CA,113,2121.0,1245948,20759,24299126,137813
2020-12-01,NY,69,718.0,0,7285,19568173,146675
2020-12-01,CA,70,2000.0,1225189,12221,24161313,136142
2020-11-30,NY,57,681.0,0,6819,19421498,148974
2020-11-30,CA,20,1919.0,1212968,14034,24025171,217670
2020-11-29,NY,58,667.0,0,6723,19272524,157320
2020-11-29,CA,32,1823.0,1198934,15614,23807501,234319
2020-11-28,NY,44,654.0,0,6063,19115204,152355
2020-11-28,CA,56,1763.0,1183320,11996,23573182,257264
2020-11-27,NY,39,636.0,0,8176,18962849,219442
2020-11-27,CA,54,1726.0,1171324,12635,23315918,219173
2020-11-26,NY,67,628.0,0,6933,18743407,217721
2020-11-26,CA,104,1617.0,1158689,14640,23096745,186394
2020-11-25,NY,41,596.0,0,6265,18525686,173085
2020-11-25,CA,106,1551.0,1144049,18350,22910351,168988
2020-11-24,NY,51,559.0,0,4881,18352601,164761
2020-11-24,CA,43,1514.0,1125699,15329,22741363,283819
2020-11-23,NY,33,545.0,0,5906,18187840,191489
2020-11-23,CA,50,1455.0,1110370,8337,22457544,220235
2020-11-22,NY,31,502.0,0,5392,17996351,196610
2020-11-22,CA,33,1390.0,1102033,14319,22237309,265477
2020-11-21,NY,34,467.0,0,5972,17799741,207907
2020-11-21,CA,86,1332.0,1087714,15442,21971832,241281
2020-11-20,NY,35,445.0,0,5468,17591834,205466
2020-11-20,CA,91,1332.0,1072272,13005,21730551,178023
2020-11-19,NY,32,437.0,0,5310,17386368,195239
2020-11-19,CA,106,1253.0,1059267,11478,21552528,133985
2020-11-18,NY,36,423.0,0,5294,17191129,154434
2020-11-18,CA,61,1258.0,1047789,9811,21418543,159467
2020-11-17,NY,30,408.0,0,5088,17036695,159852
2020-11-17,CA,36,1206.0,1037978,8743,21259076,190182
2020-11-16,NY,26,391.0,0,3490,16876843,124565
2020-11-16,CA,10,1131.0,1029235,9890,21068894,202109
2020-11-15,NY,30,378.0,0,3649,16752278,133202
2020-11-15,CA,35,1094.0,1019345,10968,20866785,195189
2020-11-14,NY,24,367.0,0,5388,16619076,184162
2020-11-14,CA,81,1024.0,1008377,9875,20671596,193096
2020-11-13,NY,24,331.0,0,5401,16434914,203721
2020-11-13,CA,29,1031.0,998502,6893,20478500,136428
2020-11-12,NY,29,308.0,0,4797,16231193,162627
2020-11-12,CA,38,1010.0,991609,6927,20342072,119979
2020-11-11,NY,21,304.0,0,4820,16068566,164300
2020-11-11,CA,69,1006.0,984682,7464,20222093,127452
2020-11-10,NY,32,296.0,0,3965,15904266,128036
2020-11-10,CA,24,984.0,977218,5367,20094641,176162
2020-11-09,NY,26,282.0,0,3144,15776230,111416
2020-11-09,CA,14,941.0,971851,7212,19918479,193851
2020-11-08,NY,19,295.0,0,3428,15664814,145642
2020-11-08,CA,24,910.0,964639,7682,19724628,159477
2020-11-07,NY,18,308.0,0,3587,15519172,163291
2020-11-07,CA,73,901.0,956957,5863,19565151,168802
2020-11-06,NY,18,285.0,0,3209,15355881,160705
2020-11-06,CA,51,923.0,951094,6518,19396349,129986
2020-11-05,NY,24,268.0,0,2997,15195176,161019
2020-11-05,CA,63,922.0,944576,4566,19266363,85351
2020-11-04,NY,15,284.0,0,2126,15034157,133534
2020-11-04,CA,66,901.0,940010,5338,19181012,106091
2020-11-03,NY,15,268.0,0,2321,14900623,127869
2020-11-03,CA,14,840.0,934672,4044,19074921,162420
2020-11-02,NY,14,276.0,0,1633,14772754,96101
2020-11-02,CA,5,823.0,930628,4094,18912501,169186
2020-11-01,NY,17,259.0,0,2255,14676653,148935
2020-11-01,CA,41,791.0,926534,4529,18743315,140998
2020-10-31,NY,3,248.0,0,2049,14527718,136962
2020-10-31,CA,55,771.0,922005,5087,18602317,157794
2020-10-30,NY,12,243.0,0,2255,14390756,146885
2020-10-30,CA,30,772.0,916918,4014,18444523,120752
2020-10-29,NY,19,237.0,0,2499,14243871,168353
2020-10-29,CA,66,768.0,912904,4191,18323771,100175
2020-10-28,NY,15,236.0,0,2031,14075518,129660
2020-10-28,CA,75,770.0,908713,4515,18223596,96547
2020-10-27,NY,16,233.0,0,1991,13945858,111618
2020-10-27,CA,43,774.0,904198,3188,18127049,144220
2020-10-26,NY,12,237.0,0,1191,13834240,82117
2020-10-26,CA,12,735.0,901010,2981,17982829,194944
2020-10-25,NY,12,227.0,0,1632,13752123,120830
2020-10-25,CA,34,722.0,898029,5219,17787885,178706
2020-10-24,NY,13,231.0,0,2061,13631293,156940
2020-10-24,CA,49,744.0,892810,5945,17609179,125886
2020-10-23,NY,11,223.0,0,1637,13474353,141508
2020-10-23,CA,73,754.0,886865,6141,17483293,124523
2020-10-22,NY,15,209.0,0,1628,13332845,135341
2020-10-22,CA,162,758.0,880724,2940,17358770,65631
2020-10-21,NY,7,201.0,0,2026,13197504,124789
2020-10-21,CA,35,763.0,877784,3707,17293139,104069
2020-10-20,NY,13,194.0,0,1201,13072715,90540
2020-10-20,CA,22,781.0,874077,3286,17189070,146662
2020-10-19,NY,15,198.0,0,998,12982175,82009
2020-10-19,CA,27,758.0,870791,3474,17042408,150346
2020-10-18,NY,7,200.0,0,1390,12900166,128763
2020-10-18,CA,44,727.0,867317,2862,16892062,135351
2020-10-17,NY,9,195.0,0,1784,12771403,159972
2020-10-17,CA,69,743.0,864455,2979,16756711,134755
2020-10-16,NY,10,200.0,0,1707,12611431,136039
2020-10-16,CA,73,713.0,861476,3075,16621956,104144
2020-10-15,NY,13,197.0,0,1460,12475392,133212
2020-10-15,CA,118,706.0,858401,3329,16517812,92325
2020-10-14,NY,7,201.0,0,1232,12342180,111744
2020-10-14,CA,58,753.0,855072,2666,16425487,91770
2020-10-13,NY,11,181.0,0,1393,12230436,99070
2020-10-13,CA,9,748.0,852406,2378,16333717,142376
2020-10-12,NY,13,185.0,0,1029,12131366,91793
2020-10-12,CA,8,736.0,850028,3449,16191341,144337
2020-10-11,NY,5,186.0,0,1143,12039573,118254
2020-10-11,CA,64,735.0,846579,3803,16047004,168559
2020-10-10,NY,8,179.0,0,1447,11921319,134579
2020-10-10,CA,72,732.0,842776,4170,15878445,141948
2020-10-09,NY,6,168.0,0,1592,11786740,139300
2020-10-09,CA,67,742.0,838606,3806,15736497,112874
2020-10-08,NY,10,172.0,0,1836,11647440,145811
2020-10-08,CA,133,754.0,834800,3575,15623623,66917
2020-10-07,NY,9,176.0,0,1360,11501629,108246
2020-10-07,CA,51,797.0,831225,2764,15556706,126285
2020-10-06,NY,9,158.0,0,1393,11393383,96359
2020-10-06,CA,28,809.0,828461,1677,15430421,128740
2020-10-05,NY,8,149.0,0,933,11297024,76404
2020-10-05,CA,29,805.0,826784,3055,15301681,141394
2020-10-04,NY,14,138.0,0,1222,11220620,110329
2020-10-04,CA,46,787.0,823729,4293,15160287,161399
2020-10-03,NY,8,149.0,0,1731,11110291,134267
2020-10-03,CA,88,787.0,819436,2159,14998888,130457
2020-10-02,NY,7,146.0,0,1598,10976024,119493
2020-10-02,CA,98,796.0,817277,3590,14868431,96580
2020-10-01,NY,11,141.0,0,1382,10856531,109218
2020-10-01,CA,96,817.0,813687,3062,14771851,66649
2020-09-30,NY,9,144.0,0,1000,10747313,97960
2020-09-30,CA,152,830.0,810625,3200,14705202,91657
2020-09-29,NY,2,147.0,0,1189,10649353,88231
2020-09-29,CA,32,828.0,807425,2162,14613545,128693
2020-09-28,NY,12,135.0,0,834,10561122,52936
2020-09-28,CA,21,831.0,805263,2955,14484852,151354
2020-09-27,NY,6,155.0,0,866,10508186,84770
2020-09-27,CA,55,892.0,802308,4071,14333498,150768
2020-09-26,NY,4,164.0,0,1005,10423416,99953
2020-09-26,CA,134,862.0,798237,4197,14182730,130483
2020-09-25,NY,7,154.0,0,908,10323463,94818
2020-09-25,CA,84,899.0,794040,3400,14052247,99390
2020-09-24,NY,2,145.0,0,955,10228645,92953
2020-09-24,CA,110,914.0,790640,3170,13952857,73434
2020-09-23,NY,5,141.0,0,665,10135692,70930
2020-09-23,CA,133,905.0,787470,3146,13879423,75368
2020-09-22,NY,4,133.0,0,754,10064762,83997
2020-09-22,CA,53,923.0,784324,2630,13804055,131273
2020-09-21,NY,1,134.0,0,573,9980765,58319
2020-09-21,CA,31,960.0,781694,3294,13672782,149624
2020-09-20,NY,2,132.0,0,862,9922446,100355
2020-09-20,CA,75,925.0,778400,4265,13523158,179272
2020-09-19,NY,2,144.0,0,986,9822091,110444
2020-09-19,CA,100,970.0,774135,4304,13343886,166700
2020-09-18,NY,10,141.0,0,790,9711647,89727
2020-09-18,CA,91,965.0,769831,3630,13177186,97149
2020-09-17,NY,3,135.0,0,896,9621920,91504
2020-09-17,CA,106,997.0,766201,3238,13080037,79515
2020-09-16,NY,5,138.0,0,652,9530416,75087
2020-09-16,CA,164,1032.0,762963,2950,13000522,72352
2020-09-15,NY,11,144.0,0,766,9455329,73678
2020-09-15,CA,66,1044.0,760013,2235,12928170,121981
2020-09-14,NY,4,143.0,0,583,9381651,63358
2020-09-14,CA,56,1040.0,757778,2855,12806189,116173
2020-09-13,NY,6,131.0,0,725,9318293,72668
2020-09-13,CA,78,1056.0,754923,4625,12690016,133049
2020-09-12,NY,2,127.0,0,849,9245625,102925
2020-09-12,CA,162,1120.0,750298,4107,12556967,105307
2020-09-11,NY,5,120.0,0,880,9142700,89722
2020-09-11,CA,111,1172.0,746191,3326,12451660,61669
2020-09-10,NY,7,120.0,0,757,9052978,76813
2020-09-10,CA,137,1184.0,742865,3338,12389991,46194
2020-09-09,NY,3,121.0,0,576,8976165,63230
2020-09-09,CA,83,1233.0,739527,1616,12343797,75849
2020-09-08,NY,6,114.0,0,557,8912935,57826
2020-09-08,CA,32,1217.0,737911,2676,12267948,109656
2020-09-07,NY,2,115.0,0,520,8855109,58865
2020-09-07,CA,17,1244.0,735235,3091,12158292,111101
2020-09-06,NY,9,119.0,0,729,8796244,85630
2020-09-06,CA,66,1201.0,732144,4905,12047191,130868
2020-09-05,NY,2,115.0,0,801,8710614,99761
2020-09-05,CA,153,1242.0,727239,4956,11916323,119353
2020-09-04,NY,5,116.0,0,864,8610853,93395
2020-09-04,CA,163,1235.0,722283,5106,11796970,133046
2020-09-03,NY,7,117.0,0,889,8517458,88981
2020-09-03,CA,164,1270.0,717177,5125,11663924,83554
2020-09-02,NY,5,117.0,0,708,8428477,88447
2020-09-02,CA,145,1339.0,712052,4255,11580370,109674
2020-09-01,NY,3,109.0,0,754,8340030,76997
2020-09-01,CA,85,1352.0,707797,3712,11470696,97391
2020-08-31,NY,1,109.0,0,656,8263033,66241
2020-08-31,CA,28,1346.0,704085,4176,11373305,141476
2020-08-30,NY,8,112.0,0,698,8196792,100022
2020-08-30,CA,71,1396.0,699909,6070,11231829,122199
2020-08-29,NY,7,116.0,0,635,8096770,93873
2020-08-29,CA,144,1411.0,693839,4981,11109630,98993
2020-08-28,NY,3,122.0,0,636,8002897,97826
2020-08-28,CA,140,1477.0,688858,5329,11010637,92222
2020-08-27,NY,4,126.0,0,791,7905071,83437
2020-08-27,CA,143,1492.0,683529,4430,10918415,85658
2020-08-26,NY,8,136.0,0,566,7821634,71189
2020-08-26,CA,150,1507.0,679099,6004,10832757,70251
2020-08-25,NY,2,133.0,0,629,7750445,67255
2020-08-25,CA,105,1540.0,673095,4480,10762506,110019
2020-08-24,NY,7,120.0,0,408,7683190,62031
2020-08-24,CA,18,1549.0,668615,4946,10652487,111456
2020-08-23,NY,6,110.0,0,572,7621159,74043
2020-08-23,CA,146,1582.0,663669,6777,10541031,104679
2020-08-22,NY,4,116.0,0,653,7547116,94849
2020-08-22,CA,167,1675.0,656892,6556,10436352,106980
2020-08-21,NY,3,119.0,0,709,7452267,98880
2020-08-21,CA,135,1706.0,650336,5585,10329372,101406
2020-08-20,NY,5,120.0,0,601,7353387,80984
2020-08-20,CA,163,1707.0,644751,5920,10227966,87283
2020-08-19,NY,6,131.0,0,631,7272403,80425
2020-08-19,CA,181,1761.0,638831,6164,10140683,91644
2020-08-18,NY,8,126.0,0,655,7191978,66891
2020-08-18,CA,100,1801.0,632667,4636,10049039,115259
2020-08-17,NY,6,133.0,0,408,7125087,56891
2020-08-17,CA,18,1811.0,628031,6469,9933780,135645
2020-08-16,NY,6,128.0,0,607,7068196,77692
2020-08-16,CA,77,1820.0,621562,7873,9798135,117024
2020-08-15,NY,12,120.0,0,734,6990504,88668
2020-08-15,CA,151,1812.0,613689,12614,9681111,124513
2020-08-14,NY,4,127.0,0,727,6901836,85455
2020-08-14,CA,188,1850.0,601075,7934,9556598,111105
2020-08-13,NY,10,124.0,0,737,6816381,87900
2020-08-13,CA,160,1826.0,593141,7085,9445493,142026
2020-08-12,NY,7,123.0,0,700,6728481,87776
2020-08-12,CA,180,1873.0,586056,11645,9303467,117188
2020-08-11,NY,7,120.0,0,667,6640705,77059
2020-08-11,CA,109,1885.0,574411,12500,9186279,187926
2020-08-10,NY,2,127.0,0,476,6563646,54002
2020-08-10,CA,66,1879.0,561911,7751,8998353,172234
2020-08-09,NY,7,131.0,0,515,6509644,65812
2020-08-09,CA,104,1891.0,554160,8373,8826119,118592
2020-08-08,NY,5,133.0,0,703,6443832,74857
2020-08-08,CA,178,2038.0,545787,7371,8707527,110645
2020-08-07,NY,5,139.0,0,714,6368975,70170
2020-08-07,CA,142,1978.0,538416,8436,8596882,96419
2020-08-06,NY,6,132.0,0,703,6298805,72370
2020-08-06,CA,166,2026.0,529980,5258,8500463,91063
2020-08-05,NY,4,134.0,0,636,6226435,72668
2020-08-05,CA,202,2005.0,524722,5295,8409400,103687
2020-08-04,NY,3,139.0,0,746,6153767,70993
2020-08-04,CA,113,2082.0,519427,4526,8305713,121017
2020-08-03,NY,2,136.0,0,545,6082774,51839
2020-08-03,CA,32,2069.0,514901,5739,8184696,148721
2020-08-02,NY,6,143.0,0,531,6030935,58961
2020-08-02,CA,132,2119.0,509162,9032,8035975,149388
2020-08-01,NY,14,147.0,0,753,5971974,82737
2020-08-01,CA,219,2120.0,500130,6542,7886587,75546
2020-07-31,NY,5,140.0,0,644,5889237,68869
2020-07-31,CA,96,2163.0,493588,8086,7811041,177201
2020-07-30,NY,13,142.0,0,777,5820368,73546
2020-07-30,CA,194,2220.0,485502,10197,7633840,116374
2020-07-29,NY,6,154.0,0,715,5746822,62276
2020-07-29,CA,197,2209.0,475305,8755,7517466,99600
2020-07-28,NY,9,152.0,0,534,5684546,57397
2020-07-28,CA,73,2198.0,466550,6000,7417866,121288
2020-07-27,NY,11,149.0,0,608,5627149,57270
2020-07-27,CA,29,2284.0,460550,6891,7296578,128439
2020-07-26,NY,3,155.0,0,536,5569879,53568
2020-07-26,CA,79,2284.0,453659,8259,7168139,120784
2020-07-25,NY,13,149.0,0,750,5516311,71466
2020-07-25,CA,151,2284.0,445400,10066,7047355,131479
2020-07-24,NY,9,156.0,0,753,5444845,76507
2020-07-24,CA,159,2284.0,435334,9718,6915876,137572
2020-07-23,NY,13,160.0,0,811,5368338,69698
2020-07-23,CA,157,2284.0,425616,12040,6778304,113885
2020-07-22,NY,10,179.0,0,705,5298640,67659
2020-07-22,CA,115,2284.0,413576,12807,6664419,127487
2020-07-21,NY,2,163.0,0,855,5230981,66169
2020-07-21,CA,61,2226.0,400769,9231,6536932,122611
2020-07-20,NY,8,158.0,0,519,5164812,49342
2020-07-20,CA,9,2157.0,391538,6846,6414321,127469
2020-07-19,NY,13,160.0,0,502,5115470,46204
2020-07-19,CA,90,2107.0,384692,9329,6286852,119634
2020-07-18,NY,11,172.0,0,754,5069266,69817
2020-07-18,CA,120,2125.0,375363,9199,6167218,123119
2020-07-17,NY,10,179.0,0,776,4999449,78239
2020-07-17,CA,130,2153.0,366164,9986,6044099,128591
2020-07-16,NY,11,165.0,0,769,4921210,72685
2020-07-16,CA,118,2120.0,356178,8544,5915508,122232
2020-07-15,NY,9,165.0,0,831,4848525,63598
2020-07-15,CA,140,2110.0,347634,11126,5793276,118321
2020-07-14,NY,5,167.0,0,912,4784927,60045
2020-07-14,CA,47,2083.0,336508,7346,5674955,130590
2020-07-13,NY,10,175.0,0,557,4724882,51687
2020-07-13,CA,23,2021.0,329162,8358,5544365,137766
2020-07-12,NY,5,174.0,0,677,4673195,62418
2020-07-12,CA,72,2020.0,320804,8460,5406599,130904
2020-07-11,NY,6,177.0,0,730,4610777,69203
2020-07-11,CA,94,2021.0,312344,8047,5275695,99958
2020-07-10,NY,9,178.0,0,786,4541574,73558
2020-07-10,CA,140,2005.0,304297,7798,5175737,97303
2020-07-09,NY,15,173.0,0,584,4468016,65564
2020-07-09,CA,149,1957.0,296499,7031,5078434,82259
2020-07-08,NY,20,166.0,0,692,4402452,57585
2020-07-08,CA,114,1976.0,289468,11694,4996175,99805
2020-07-07,NY,11,160.0,0,588,4344867,56736
2020-07-07,CA,111,1984.0,277774,6090,4896370,103017
2020-07-06,NY,9,170.0,0,518,4288131,54328
2020-07-06,CA,6,1937.0,271684,5699,4793353,113215
2020-07-05,NY,8,178.0,0,533,4233803,63415
2020-07-05,CA,18,1907.0,265985,8597,4680138,127107
2020-07-04,NY,11,190.0,0,726,4170388,62403
2020-07-04,CA,50,1888.0,257388,9153,4553031,104855
2020-07-03,NY,8,188.0,0,918,4107985,66392
2020-07-03,CA,100,1871.0,248235,5688,4448176,109458
2020-07-02,NY,11,209.0,0,875,4041593,69945
2020-07-02,CA,73,1934.0,242547,6408,4338718,84542
2020-07-01,NY,11,226.0,0,625,3971648,56710
2020-07-01,CA,110,1859.0,236139,7407,4254176,87037
2020-06-30,NY,13,217.0,0,524,3914938,52025
2020-06-30,CA,44,1751.0,228732,9480,4167139,105447
2020-06-29,NY,7,216.0,0,391,3862913,46428
2020-06-29,CA,31,1686.0,219252,8009,4061692,105740
2020-06-28,NY,5,229.0,0,616,3816485,61906
2020-06-28,CA,33,1602.0,211243,4810,3955952,93642
2020-06-27,NY,16,230.0,0,703,3754579,73262
2020-06-27,CA,60,1562.0,206433,5972,3862310,90996
2020-06-26,NY,14,244.0,0,805,3681317,61723
2020-06-26,CA,79,1570.0,200461,4890,3771314,76969
2020-06-25,NY,18,270.0,0,749,3619594,67642
2020-06-25,CA,101,1523.0,195571,5349,3694345,101446
2020-06-24,NY,16,290.0,0,581,3551952,51144
2020-06-24,CA,52,1487.0,190222,7149,3592899,95970
2020-06-23,NY,27,302.0,0,597,3500808,48709
2020-06-23,CA,65,1421.0,183073,5019,3496929,85243
2020-06-22,NY,14,330.0,0,552,3452099,56780
2020-06-22,CA,20,1412.0,178054,4230,3411686,92430
2020-06-21,NY,15,332.0,0,664,3395319,67526
2020-06-21,CA,71,1366.0,173824,4515,3319256,84844
2020-06-20,NY,24,335.0,0,716,3327793,68830
2020-06-20,CA,64,1332.0,169309,3893,3234412,78710
2020-06-19,NY,25,359.0,0,796,3258963,79303
2020-06-19,CA,70,1329.0,165416,4317,3155702,81172
2020-06-18,NY,32,388.0,0,618,3179660,68541
2020-06-18,CA,82,1298.0,161099,4084,3074530,76542
2020-06-17,NY,21,431.0,0,567,3111119,59341
2020-06-17,CA,87,1318.0,157015,3455,2997988,60233
2020-06-16,NY,29,449.0,0,631,3051778,60568
2020-06-16,CA,32,1272.0,153560,2108,2937755,69573
2020-06-15,NY,28,470.0,0,620,2991210,56611
2020-06-15,CA,26,1270.0,151452,2597,2868182,66186
2020-06-14,NY,24,499.0,0,694,2934599,62359
2020-06-14,CA,74,1280.0,148855,3212,2801996,77603
2020-06-13,NY,32,517.0,0,916,2872240,70840
2020-06-13,CA,46,1313.0,145643,3660,2724393,62135
2020-06-12,NY,53,552.0,0,822,2801400,72395
2020-06-12,CA,62,1310.0,141983,2702,2662258,64611
2020-06-11,NY,38,581.0,0,736,2729005,60839
2020-06-11,CA,105,1325.0,139281,3090,2597647,56849
2020-06-10,NY,56,630.0,0,674,2668166,62297
2020-06-10,CA,79,1326.0,136191,2702,2540798,54553
2020-06-09,NY,49,663.0,0,683,2605869,49973
2020-06-09,CA,44,1345.0,133489,2170,2486245,55055
2020-06-08,NY,40,678.0,0,702,2555896,58054
2020-06-08,CA,27,1301.0,131319,2507,2431190,68972
2020-06-07,NY,47,704.0,0,781,2497842,60435
2020-06-07,CA,67,1288.0,128812,2796,2362218,53918
2020-06-06,NY,37,720.0,0,1108,2437407,77895
2020-06-06,CA,74,1315.0,126016,3115,2308300,69837
2020-06-05,NY,42,758.0,0,1075,2359512,66480
2020-06-05,CA,63,1333.0,122901,3094,2238463,55792
2020-06-04,NY,54,832.0,0,1048,2293032,63559
2020-06-04,CA,61,1279.0,119807,2120,2182671,51377
2020-06-03,NY,56,865.0,0,1045,2229473,61642
2020-06-03,CA,75,1313.0,117687,2377,2131294,59703
2020-06-02,NY,64,907.0,0,1329,2167831,54054
2020-06-02,CA,35,1286.0,115310,2304,2071591,59008
2020-06-01,NY,54,999.0,0,941,2113777,49952
2020-06-01,CA,38,1273.0,113006,2423,2012583,67735
2020-05-31,NY,57,1050.0,0,1110,2063825,58444
2020-05-31,CA,57,1324.0,110583,3705,1944848,56253
2020-05-30,NY,68,1124.0,0,1376,2005381,61251
2020-05-30,CA,88,1273.0,106878,2992,1888595,53117
2020-05-29,NY,58,1164.0,0,1551,1944130,67341
2020-05-29,CA,95,1328.0,103886,2189,1835478,44919
2020-05-28,NY,79,1219.0,0,1768,1876789,65245
2020-05-28,CA,89,1325.0,101697,2717,1790559,53665
2020-05-27,NY,79,1261.0,0,1129,1811544,37416
2020-05-27,CA,70,1407.0,98980,2247,1736894,40498
2020-05-26,NY,76,1273.0,0,1072,1774128,34679
2020-05-26,CA,19,1392.0,96733,2175,1696396,52294
2020-05-25,NY,97,1366.0,0,1249,1739449,39623
2020-05-25,CA,21,1301.0,94558,1848,1644102,61357
2020-05-24,NY,109,1406.0,0,1589,1699826,47765
2020-05-24,CA,66,1315.0,92710,2079,1582745,67439
2020-05-23,NY,87,1502.0,0,1772,1652061,51268
2020-05-23,CA,78,1312.0,90631,2187,1515306,48533
2020-05-22,NY,112,1581.0,0,1696,1600793,45738
2020-05-22,CA,88,1317.0,88444,2247,1466773,45646
2020-05-21,NY,107,1695.0,0,2088,1555055,49219
2020-05-21,CA,106,1310.0,86197,2140,1421127,41007
2020-05-20,NY,133,1761.0,0,1525,1505836,38097
2020-05-20,CA,102,1345.0,84057,2262,1380120,40804
2020-05-19,NY,114,1836.0,0,1474,1467739,28182
2020-05-19,CA,32,1307.0,81795,1365,1339316,46644
2020-05-18,NY,110,1908.0,0,1250,1439557,26161
2020-05-18,CA,41,1325.0,80430,1591,1292672,57429
2020-05-17,NY,141,1981.0,0,1889,1413396,34679
2020-05-17,CA,57,1293.0,78839,2046,1235243,56117
2020-05-16,NY,174,2077.0,0,2419,1378717,40669
2020-05-16,CA,96,1313.0,76793,1857,1179126,45220
2020-05-15,NY,134,2156.0,0,2762,1338048,39291
2020-05-15,CA,76,1324.0,74936,1772,1133906,29255
2020-05-14,NY,157,2223.0,0,2390,1298757,39850
2020-05-14,CA,98,1324.0,73164,2023,1104651,39059
2020-05-13,NY,168,2308.0,0,2176,1258907,33794
2020-05-13,CA,87,1314.0,71141,1759,1065592,32222
2020-05-12,NY,205,2375.0,0,1430,1225113,20463
2020-05-12,CA,77,1349.0,69382,1443,1033370,41473
2020-05-11,NY,162,2450.0,0,1660,1204650,21652
2020-05-11,CA,25,1329.0,67939,1259,991897,36233
2020-05-10,NY,207,2488.0,0,2273,1182998,29230
2020-05-10,CA,67,1328.0,66680,2119,955664,43094
2020-05-09,NY,226,2664.0,0,2715,1153768,32225
2020-05-09,CA,93,1349.0,64561,2049,912570,37298
2020-05-08,NY,217,2811.0,0,2938,1121543,31627
2020-05-08,CA,81,1342.0,62512,1898,875272,32398
2020-05-07,NY,951,2976.0,0,3491,1089916,33995
2020-05-07,CA,92,1374.0,60614,1799,842874,33838
2020-05-06,NY,232,3098.0,0,2786,1055921,27022
2020-05-06,CA,95,1415.0,58815,2603,809036,29134
2020-05-05,NY,230,3281.0,0,2239,1028899,21589
2020-05-05,CA,63,1388.0,56212,1275,779902,32028
2020-05-04,NY,226,3330.0,0,2538,1007310,21399
2020-05-04,CA,39,1464.0,54937,1321,747874,32123
2020-05-03,NY,280,3430.0,0,3438,985911,26894
2020-05-03,CA,44,1468.0,53616,1419,715751,30703
2020-05-02,NY,299,3501.0,0,4663,959017,31579
2020-05-02,CA,98,1433.0,52197,1755,685048,30063
2020-05-01,NY,289,3640.0,0,3942,927438,26802
2020-05-01,CA,91,1434.0,50442,1525,654985,29648
2020-04-30,NY,306,3769.0,0,4681,900636,28155
2020-04-30,CA,95,1473.0,48917,2417,625337,22198
2020-04-29,NY,377,3923.0,0,4585,872481,27487
2020-04-29,CA,78,1512.0,46500,1469,603139,25531
2020-04-28,NY,335,4071.0,0,3110,844994,18899
2020-04-28,CA,54,1485.0,45031,1567,577608,24199
2020-04-27,NY,337,4157.0,0,3951,826095,20745
2020-04-27,CA,45,1499.0,43464,1300,553409,27325
2020-04-26,NY,367,4284.0,0,5902,805350,27782
2020-04-26,CA,59,1473.0,42164,1027,526084,20049
2020-04-25,NY,437,4410.0,0,10553,777568,46912
2020-04-25,CA,89,1458.0,41137,1883,506035,11862
2020-04-24,NY,422,4540.0,0,8130,730656,34736
2020-04-24,CA,93,1521.0,39254,1885,494173,12076
2020-04-23,NY,438,4597.0,0,6244,695920,25938
2020-04-23,CA,115,1531.0,37369,1973,482097,16770
2020-04-22,NY,474,4690.0,0,5526,669982,20657
2020-04-22,CA,86,1551.0,35396,2135,465327,165227
2020-04-21,NY,481,4729.0,0,4178,649325,15464
2020-04-21,CA,60,1502.0,33261,2283,300100,9600
2020-04-20,NY,478,4814.0,0,4726,633861,16306
2020-04-20,CA,42,1480.0,30978,645,290500,9600
2020-04-19,NY,507,4878.0,0,6054,617555,21023
2020-04-19,CA,94,1457.0,30333,1370,280900,21234
2020-04-18,NY,540,4996.0,0,7090,596532,23309
2020-04-18,CA,87,1490.0,28963,1435,259666,8052
2020-04-17,NY,630,5039.0,0,7358,573223,22644
2020-04-17,CA,95,1484.0,27528,1346,251614,5214
2020-04-16,NY,606,5071.0,0,8505,550579,24567
2020-04-16,CA,69,1568.0,26182,1758,246400,29914
2020-04-15,NY,752,5205.0,0,11571,526012,26869
2020-04-15,CA,63,1175.0,24424,1086,216486,14278
2020-04-14,NY,778,5225.0,0,7177,499143,20786
2020-04-14,CA,71,1552.0,23338,990,202208,11326
2020-04-13,NY,671,5156.0,0,6337,478357,16756
2020-04-13,CA,36,1178.0,22348,554,190882,554
2020-04-12,NY,758,5198.0,0,8236,461601,20621
2020-04-12,CA,42,1539.0,21794,1179,190328,17109
2020-04-11,NY,783,5009.0,0,9946,440980,23095
2020-04-11,CA,68,1591.0,20615,1143,173219,8356
2020-04-10,NY,777,4908.0,0,10575,417885,26336
2020-04-10,CA,49,1145.0,19472,1163,164863,1363
2020-04-09,NY,799,4925.0,0,10621,391549,26396
2020-04-09,CA,50,1132.0,18309,1352,163500,19236
2020-04-08,NY,779,4841.0,0,10453,365153,25095
2020-04-08,CA,68,1154.0,16957,1092,144264,13035
2020-04-07,NY,731,4539.0,0,8174,340058,19247
2020-04-07,CA,31,1108.0,15865,1529,131229,13798
2020-04-06,NY,599,4504.0,0,8658,320811,18531
2020-04-06,CA,24,1085.0,14336,898,117431,898
2020-04-05,NY,594,4376.0,0,8327,302280,18659
2020-04-05,CA,43,1040.0,13438,1412,116533,2833
2020-04-04,NY,630,4126.0,0,10841,283621,23101
2020-04-04,CA,39,1008.0,12026,1325,113700,78400
2020-04-03,NY,562,3731.0,0,10482,260520,21555
2020-04-03,CA,34,901.0,10701,1510,35300,2300
2020-04-02,NY,432,3396.0,0,8669,238965,18031
2020-04-02,CA,32,816.0,9191,1036,33000,3073
2020-04-01,NY,391,3022.0,0,7917,220934,15701
2020-04-01,CA,18,774.0,8155,673,29927,673
2020-03-31,NY,332,2710.0,0,9298,205233,18648
2020-03-31,CA,20,657.0,7482,1035,29254,2258
2020-03-30,NY,253,2352.0,0,6984,186585,14115
2020-03-30,CA,10,597.0,6447,739,26996,739
2020-03-29,NY,237,2037.0,0,7195,172470,16401
2020-03-29,CA,22,410.0,5708,1065,26257,1065
2020-03-28,NY,209,1755.0,0,7681,156069,17444
2020-03-28,CA,23,410.0,4643,764,25192,3933
2020-03-27,NY,134,1583.0,0,7379,138625,16315
2020-03-27,CA,13,200.0,3879,873,21259,873
2020-03-26,NY,100,1290.0,0,6448,122310,18651
2020-03-26,CA,12,0.0,3006,651,20386,2110
2020-03-25,NY,75,0.0,0,5145,103659,12142
2020-03-25,CA,13,0.0,2355,253,18276,2722
2020-03-24,NY,96,0.0,0,4790,91517,12952
2020-03-24,CA,13,0.0,2102,369,15554,1254
2020-03-23,NY,0,0.0,0,5707,78565,16812
2020-03-23,CA,0,0.0,1733,197,14300,1460
2020-03-22,NY,70,0.0,0,4812,61753,16029
2020-03-22,CA,3,0.0,1536,257,12840,312
2020-03-21,NY,9,0.0,0,3254,45724,13087
2020-03-21,CA,4,0.0,1279,216,12528,1041
2020-03-20,NY,23,0.0,0,2950,32637,10124
2020-03-20,CA,2,0.0,1063,139,11487,1776
2020-03-19,NY,0,0.0,0,1769,22513,7698
2020-03-19,CA,5,0.0,924,313,9711,1119
2020-03-18,NY,5,0.0,0,1009,14815,4553
2020-03-18,CA,2,0.0,611,128,8592,128
2020-03-17,NY,0,0.0,0,432,10262,2907
2020-03-17,CA,5,0.0,483,148,8464,148
2020-03-16,NY,4,0.0,0,294,7355,1936
2020-03-16,CA,1,0.0,335,42,8316,7107
2020-03-15,NY,3,0.0,0,131,5419,1293
2020-03-15,CA,0,0.0,293,41,1209,41
2020-03-14,NY,0,0.0,0,164,4126,1290
2020-03-14,CA,1,0.0,252,50,1168,50
2020-03-13,NY,0,0.0,0,102,2836,762
2020-03-13,CA,0,0.0,202,0,1118,0
2020-03-12,NY,0,0.0,0,56,2074,553
2020-03-12,CA,4,0.0,202,45,1118,45
2020-03-11,NY,0,0.0,0,44,1521,425
2020-03-11,CA,0,0.0,157,24,1073,250
2020-03-10,NY,0,0.0,0,63,1096,401
2020-03-10,CA,0,0.0,133,19,823,19
2020-03-09,NY,0,0.0,0,28,695,307
2020-03-09,CA,0,0.0,114,26,804,254
2020-03-08,NY,0,0.0,0,24,388,200
2020-03-08,CA,0,0.0,88,19,550,19
2020-03-07,NY,0,0.0,0,11,188,66
2020-03-07,CA,0,0.0,69,9,531,9
2020-03-06,NY,0,0.0,0,22,122,92
2020-03-06,CA,0,0.0,60,7,522,7
2020-03-05,NY,0,0.0,0,2,30,20
2020-03-05,CA,0,0.0,53,0,515,0
2020-03-04,NY,0,0.0,0,0,10,9
2020-03-04,CA,0,0.0,53,0,515,0
2020-03-03,NY,0,0.0,0,1,1,1
2020-03-02,NY,0,0.0,0,0,0,0
